"Company Name","phone","website","Normalize a Domain","Normalized Url","address","categoryName","city","state","url","postalCode","totalScore","reviewsCount","Enrich company","Id","Find people at company by job title","First Name - People - Results","Last Name - People - Results","Name - People - Results","Title - People - Results","Street Address - People - Results"
"Deck and Drive Solutions","(515) 480-5593","https://deckanddrivesolutions.com/","deckanddrivesolutions.com","deckanddrivesolutions.com","2200 69th St, Windsor Heights, IA 50324","Deck builder","Windsor Heights","Iowa","https://www.google.com/maps/search/?api=1&query=Deck%20and%20Drive%20Solutions&query_place_id=ChIJMW_pWSOc7ocRjBgPiCVtY0Q",50324,4.9,112,"✅ Deck and Drive Solutions","54a1365469702d407fcc1001","✅ Found 1 person","Aaron","Rouse","Aaron Rouse","Owner",
"Jerry's Homes","(515) 278-5992","https://www.jerryshomes.com/","jerryshomes.com","jerryshomes.com","3900 Westown Pkwy Ste 100, West Des Moines, IA 50266","Home builder","West Des Moines","Iowa","https://www.google.com/maps/search/?api=1&query=Jerry's%20Homes&query_place_id=ChIJJ-QMtUYn7IcRfLIarwIhbyw",50266,4.4,390,"✅ Jerry's Homes","54a1343569702d333df92b00","✅ Found 4 people","Adam","Grubb","Adam Grubb","Owner",
"Allan Custom Homes","(319) 447-6019","https://allancustomhomes.com/","allancustomhomes.com","allancustomhomes.com","222 3rd Ave SW, Cedar Rapids, IA 52404","Custom home builder","Cedar Rapids","Iowa","https://www.google.com/maps/search/?api=1&query=Allan%20Custom%20Homes&query_place_id=ChIJ7UsvY3r35IcRm1yMMKXc750",52404,,,"✅ ALLAN CUSTOM HOMES, INC.","6161e05aeafda00001f7e449","✅ Found 1 person","Andrew","Brundell","Andrew Brundell","Partner/Project Manager",
"Destination Homes Iowa","(515) 209-3881","https://destinationhomesia.com/","destinationhomesia.com","destinationhomesia.com","2540 73rd St, Urbandale, IA 50322","Custom home builder","Urbandale","Iowa","https://www.google.com/maps/search/?api=1&query=Destination%20Homes%20Iowa&query_place_id=ChIJsWFQgIAh7IcRN4MEVsU-v8M",50322,4.9,16,"✅ Destination Homes Iowa","67d9015408663f0001aa3536","✅ Found 2 people","Bailey","Henkenius","Bailey Henkenius","Design Manager",
"Integrity Builders & Supply Inc.","(319) 752-9001","https://www.integritybuildersandsupplyinc.com/","integritybuildersandsupplyinc.com","integritybuildersandsupplyinc.com","814 E Adams St, New London, IA 52645","Construction company","New London","Iowa","https://www.google.com/maps/search/?api=1&query=Integrity%20Builders%20%26%20Supply%20Inc.&query_place_id=ChIJU9Yx0Scy4YcRQ1tjIDmqsOg",52645,4.5,11,"✅ Integrity Builders & Supply Inc.","6049b73b9e2e7500011e36f3","✅ Found 1 person","Beth","Wahe","Beth Wahe","Business Owner",
"Boesen Homes Ltd","(515) 987-6097","http://www.boesenhomes.com/","boesenhomes.com","boesenhomes.com","475 SE Alice's Rd suite d, Waukee, IA 50263","Home builder","Waukee","Iowa","https://www.google.com/maps/search/?api=1&query=Boesen%20Homes%20Ltd&query_place_id=ChIJzeg9II8j7IcRM6MNX8QCk-4",50263,,,"✅ home builder","56d3888bf3e5bb15ec002935","✅ Found 10 people","Bob","Boesen","Bob Boesen","Owner",
"Graber Custom Structures- Iowa","(515) 782-0546","https://grabercustomstructures.com/gcs-in-des-moines-ia/","grabercustomstructures.com","grabercustomstructures.com","5550 Wild Rose Ln #400, West Des Moines, IA 50266","Construction company","West Des Moines","Iowa","https://www.google.com/maps/search/?api=1&query=Graber%20Custom%20Structures-%20Iowa&query_place_id=ChIJ89PhwFkh7IcRCLV6WZXRFr0",50266,5,3,"✅ Graber Custom Structures","69945915222eae00010dc70b","✅ Found 1 person","Brad","Garber","Brad Garber","Sales Manager",
"Cardinal Construction Inc","(319) 232-5400","http://www.cardinalconst.com/","cardinalconst.com","cardinalconst.com","1246 Martin Rd, Waterloo, IA 50701","Construction company","Waterloo","Iowa","https://www.google.com/maps/search/?api=1&query=Cardinal%20Construction%20Inc&query_place_id=ChIJr1Jli_NQ5YcRNMwF1eUrsak",50701,4.2,5,"✅ Cardinal Construction, Inc.","55f40bbbf3e5bb1dd9004edc","✅ Found 9 people","Brandon","Schoborg","Brandon Schoborg","President & CEO",
"Dream Homes Construction & Design","(319) 300-5006","https://dreamhomescd.com/","dreamhomescd.com","dreamhomescd.com","3315 W 1st St Suite A, Cedar Falls, IA 50613","General contractor","Cedar Falls","Iowa","https://www.google.com/maps/search/?api=1&query=Dream%20Homes%20Construction%20%26%20Design&query_place_id=ChIJ9cyt4jtV5YcRcaGJI6MIr_A",50613,5,17,"✅ Dream Homes Construction & Design","6729caa9b1ac5c000118861f","✅ Found 2 people","Brandon","Torres","Brandon Torres","Owner",
"Ball Team Construction","(515) 440-4544","https://buildwithball.com/","buildwithball.com","buildwithball.com","10550 New York Ave # 200, Urbandale, IA 50322","Construction company","Urbandale","Iowa","https://www.google.com/maps/search/?api=1&query=Ball%20Team%20Construction&query_place_id=ChIJd90AarUg7IcRjXveRCprCaA",50322,2.8,6,"✅ Ball Team, LLC","5da4037b473de30001224802","✅ Found 3 people","Brent","Cooper","Brent Cooper","Project Manager",
"Buresh Home Solutions, Inc.","(515) 274-2957","https://bureshhomesolutions.com/","bureshhomesolutions.com","bureshhomesolutions.com","9379 Swanson Blvd, Clive, IA 50325","Window installation service","Clive","Iowa","https://www.google.com/maps/search/?api=1&query=Buresh%20Home%20Solutions%2C%20Inc.&query_place_id=ChIJFQ5ZJ6Yg7IcRdk38s-csWwE",50325,4.8,195,"✅ Buresh Home Solutions, Inc.","54a1ce1974686949e7fd5b12","✅ Found 3 people","Brian","Buresh","Brian Buresh","Owner / President",
"Meyer Construction Inc","(563) 578-5985","https://www.meyerconstructioninc.com/","meyerconstructioninc.com","meyerconstructioninc.com","1781 Viking Ave, Sumner, IA 50674","Construction company","Sumner","Iowa","https://www.google.com/maps/search/?api=1&query=Meyer%20Construction%20Inc&query_place_id=ChIJn_1Ob5nA-ocR6TN-v5-pO98",50674,3.3,3,"✅ MEYER CONSTRUCTION, INC.","6729c9c4c69d7400017e4962","✅ Found 1 person","Brian","Meyer","Brian Meyer","Business Owner",
"Bruce Builders","(563) 285-9341","http://www.brucebuilders.com/","brucebuilders.com","brucebuilders.com","900 E Franklin St, Eldridge, IA 52748","Construction company","Eldridge","Iowa","https://www.google.com/maps/search/?api=1&query=Bruce%20Builders&query_place_id=ChIJccAo8qNL4ocRDcGGD9V7V-0",52748,3.5,6,"✅ Bruce Builders","615e93996a929000014c5051","✅ Found 2 people","Bruce","Snyder","Bruce Snyder","Owner",
"King Construction, Inc.","(641) 648-5464","https://kingconstructioniowa.com/","kingconstructioniowa.com","kingconstructioniowa.com","1205 N Oak St, Iowa Falls, IA 50126","Construction company","Iowa Falls","Iowa","https://www.google.com/maps/search/?api=1&query=King%20Construction%2C%20Inc.&query_place_id=ChIJUbPw3SPY8YcRj4YZBnZ2sgY",50126,4.4,7,"✅ King Construction","54a1c14474686958609a3c0e","✅ Found 10 people","Chris","Geen","Chris Geen","Owner",
"Larry Elwood Construction","(641) 423-3261","https://larryelwoodconstruction.com/","larryelwoodconstruction.com","larryelwoodconstruction.com","2401 S Federal Ave, Mason City, IA 50401","Home builder","Mason City","Iowa","https://www.google.com/maps/search/?api=1&query=Larry%20Elwood%20Construction&query_place_id=ChIJM4lWoN-p8YcRc0rmLi394jc",50401,4.6,23,"✅ Larry Elwood Construction","5569372673696420fe350f00","✅ Found 2 people","Chris","Veverka","Chris Veverka","Commercial Manager",
"K & V Homes","(515) 252-9989","http://kandvhomes.com/","kandvhomes.com","kandvhomes.com","2871 104th St, Urbandale, IA 50322","Custom home builder","Urbandale","Iowa","https://www.google.com/maps/search/?api=1&query=K%20%26%20V%20Homes&query_place_id=ChIJV-FVLQgn7IcRDLG_M2-bWM4",50322,5,36,"✅ K & V HOMES, INC.","672861feed6bc2000192f89a","✅ Found 1 person","Colin","King","Colin King","Owner",
"Burkett Construction, LLC","(515) 783-8860","http://theburkettcompanies.com/","theburkettcompanies.com","theburkettcompanies.com","25 Ellefson Dr, De Soto, IA 50069","Home builder","De Soto","Iowa","https://www.google.com/maps/search/?api=1&query=Burkett%20Construction%2C%20LLC&query_place_id=ChIJuVrogWAM7IcRn6vzxm4HSfE",50069,4.5,2,"✅ Burkett Construction, LLC","674fe441d188e7000118af42","✅ Found 1 person","Cory","Burkett","Cory Burkett","Owner",
"Hansen Co Inc","(515) 270-1117","http://hansencompany.com/","hansencompany.com","hansencompany.com","5665 Greendale Rd # A, Johnston, IA 50131","General contractor","Johnston","Iowa","https://www.google.com/maps/search/?api=1&query=Hansen%20Co%20Inc&query_place_id=ChIJwyhjF_-c7ocRkM9KV7pAM3o",50131,4.2,10,"✅ The Hansen Company, Inc","55f614eaf3e5bb191a004a51","✅ Found 8 people","Craig","Hansen","Craig Hansen","CEO",
"Genesis Homes of Iowa","(515) 216-1019","http://www.genesishomesia.com/","genesishomesia.com","genesishomesia.com","734 SE Alice's Rd, Waukee, IA 50263","Home builder","Waukee","Iowa","https://www.google.com/maps/search/?api=1&query=Genesis%20Homes%20of%20Iowa&query_place_id=ChIJczwPOpAj7IcRxl4NPm_ZrHk",50263,3.6,13,"✅ Genesis Signature Homes","55ea84e8f3e5bb02e0007b44","✅ Found 1 person","Dale","White","Dale White","Owner",
"DSM Property and Construction Services LLC","(515) 619-8814","http://www.dsmproperty.net/","dsmproperty.net","dsmproperty.net","3035 99th St, Urbandale, IA 50322","Construction company","Urbandale","Iowa","https://www.google.com/maps/search/?api=1&query=DSM%20Property%20and%20Construction%20Services%20LLC&query_place_id=ChIJt-IYJpAn7IcRSfXERCPMVMA",50322,3.6,25,"✅ DSM Property Services LLC","60e1851894515200c29744d3","✅ Found 3 people","Dan","Bunkers","Dan Bunkers","General Manager",
"Iowa Bridge & Culvert, LC","(319) 653-5436","http://www.iowabridge.com/","iowabridge.com","iowabridge.com","409 N Ave B, Washington, IA 52353","Construction company","Washington","Iowa","https://www.google.com/maps/search/?api=1&query=Iowa%20Bridge%20%26%20Culvert%2C%20LC&query_place_id=ChIJ301sP2co5IcRYZPcpFvqca0",52353,4.1,10,"✅ Iowa Bridge & Culvert, LC","54a135c969702d3cbb60f000","✅ Found 5 people","Dave","Price","Dave Price","Safety Manager",
"Iowa Home Crafters","(515) 292-5274","http://iowahomecrafters.com/","iowahomecrafters.com","iowahomecrafters.com","1175 McCormick Ave, Ames, IA 50010","Custom home builder","Ames","Iowa","https://www.google.com/maps/search/?api=1&query=Iowa%20Home%20Crafters&query_place_id=ChIJAXV0qRxw7ocRy7AvAct22VQ",50010,4.4,7,"✅ Iowa Home Crafters, Inc.","56d9e1bbf3e5bb72fb006c4c","✅ Found 1 person","Dave","Hade","Dave Hade","Owner",
"B & H Builders, LLC","(319) 338-0264","https://bh-builders.com/","bh-builders.com","bh-builders.com","3595 Perch Dr SE, Iowa City, IA 52240","Home builder","Iowa City","Iowa","https://www.google.com/maps/search/?api=1&query=B%20%26%20H%20Builders%2C%20LLC&query_place_id=ChIJl0Wg6Fdp5IcRyLCUr78rd3k",52240,4.4,9,"✅ B & H Builders, LLC","54a1a7937468695475dd0005","✅ Found 2 people","Dennis","Hultstrand","Dennis Hultstrand","CEO",
"Avec Design+Build","(515) 233-4641","https://www.avecdesignbuild.com/","avecdesignbuild.com","avecdesignbuild.com","131 Main St, Ames, IA 50010","Architect","Ames","Iowa","https://www.google.com/maps/search/?api=1&query=Avec%20Design%2BBuild&query_place_id=ChIJQ-PvT3lw7ocRBNOJcZfCrwY",50010,5,5,"✅ AVEC Design+Build","55f1e038f3e5bb7926002b77","✅ Found 1 person","Derek","Quam","Derek Quam","Project Manager",
"Dean Snyder Construction","(641) 357-2283","http://www.deansnyder.com/","deansnyder.com","deansnyder.com","913 N 14th St, Clear Lake, IA 50428","Construction company","Clear Lake","Iowa","https://www.google.com/maps/search/?api=1&query=Dean%20Snyder%20Construction&query_place_id=ChIJY1ktn2cK8YcR2HOd8kVViak",50428,4.9,17,"✅ Dean Snyder Construction","54a11b4969702d8aa1272300","✅ Found 10 people","Don","Snyder","Don Snyder","Owner / Presedent",
"Amwood Homes, Inc.","(641) 501-6400","http://www.amwoodhomes.com/","amwoodhomes.com","amwoodhomes.com","530 N Front St, Montezuma, IA 50171","Construction company","Montezuma","Iowa","https://www.google.com/maps/search/?api=1&query=Amwood%20Homes%2C%20Inc.&query_place_id=ChIJH7c5515h74cRngr6jZbyLLU",50171,5,2,"✅ Amwood Building Systems","54a121dc69702d8aa1bfda02","✅ Found 4 people","Doug","Scott","Doug Scott","CEO",
"Larson Construction Co., Inc.","(319) 334-7061","http://www.larsonconst.com/","larsonconst.com","larsonconst.com","600 17th St SE, Independence, IA 50644","Construction company","Independence","Iowa","https://www.google.com/maps/search/?api=1&query=Larson%20Construction%20Co.%2C%20Inc.&query_place_id=ChIJgWgIjWAp5YcRP8UsfCW8KqE",50644,4.6,13,"✅ Larson Construction Co., Inc.","65f7a1799a5f280007eb7f91","✅ Found 3 people","Doug","Larson","Doug Larson","Manager",
"JCorp, Inc.","(515) 207-8015","http://jcorpdesignbuild.com/","jcorpdesignbuild.com","jcorpdesignbuild.com","3611 NE Otter View Cir, Ankeny, IA 50021","Home builder","Ankeny","Iowa","https://www.google.com/maps/search/?api=1&query=JCorp%2C%20Inc.&query_place_id=ChIJIx9StRh97ocR18mVXhAEaec",50021,4.7,7,"✅ JCorp Design Build","56d4b108f3e5bb14ff007bc6","✅ Found 6 people","Duane","Jensen","Duane Jensen","Owner",
"Erickson Balmer Construction","(515) 252-1510","https://www.ericksonbalmer.com/","ericksonbalmer.com","ericksonbalmer.com","2453 106th St, Urbandale, IA 50322","General contractor","Urbandale","Iowa","https://www.google.com/maps/search/?api=1&query=Erickson%20Balmer%20Construction&query_place_id=ChIJEZf4hLUg7IcRtVLq7rRByak",50322,5,4,"✅ Erickson Balmer Construction","5f4191a07c0c850001c866d1","✅ Found 1 person","Dylan","Balmer","Dylan Balmer","Project Manager",
"Eisenach Village, an Epcon Community","(319) 242-3581","http://www.bartelscommunity.org/","bartelscommunity.org","bartelscommunity.org","1100 Bach Ave, Waverly, IA 50677","Home builder","Waverly","Iowa","https://www.google.com/maps/search/?api=1&query=Eisenach%20Village%2C%20an%20Epcon%20Community&query_place_id=ChIJU8ursaUJ8IcRniiwkfJ2t7s",50677,4.4,8,"✅ Bartels Lutheran Retirement Community","56ddc5ecf3e5bb5b0e007e37","✅ Found 1 person","Geise","Paula","Geise Paula","Chief Executive Officer",
"Green Acres Homes","(800) 397-5545","http://www.greenacresnewhomes.com/","greenacresnewhomes.com","greenacresnewhomes.com","3003 Murray Rd, Estherville, IA 51334","Modular home builder","Estherville","Iowa","https://www.google.com/maps/search/?api=1&query=Green%20Acres%20Homes&query_place_id=ChIJhUBXfbdA84cRgvCX-lupZGs",51334,4.4,47,"✅ Green Acres Homes","55ea5200f3e5bb59180017a7","✅ Found 1 person","Green","Keathley","Green Keathley","Manager",
"Cornerstone Building Brands","+1 319-217-4000","https://www.cornerstonebuildingbrands.com/","cornerstonebuildingbrands.com","cornerstonebuildingbrands.com","305 N Iris St, Mt Pleasant, IA 52641, United States","General contractor","Mt Pleasant","Iowa","https://www.google.com/maps/search/?api=1&query=Cornerstone%20Building%20Brands&query_place_id=ChIJubbxdl6V5ocRt3v5FEHLK00",52641,3.3,28,"✅ Cornerstone Building Brands","604d3ea80539a00001cf1666","✅ Found 10 people","Gunner","Smith","Gunner Smith","Chief Executive Officer",
"Numark Building Corporation","(641) 628-2260","http://numarkbuildings.com/","numarkbuildings.com","numarkbuildings.com","102 E 15th St, Pella, IA 50219","Construction company","Pella","Iowa","https://www.google.com/maps/search/?api=1&query=Numark%20Building%20Corporation&query_place_id=ChIJTbybzpA674cR39Y7jtUzu3Q",50219,3.5,6,"✅ NuMark Building Corp.","56e42d3bf3e5bb2e9400c7d6","✅ Found 1 person","Isaac","Nunnikhoven","Isaac Nunnikhoven","Operations Manager",
"Happe Homes LLP","(515) 963-0842","https://happehomes.com/","happehomes.com","happehomes.com","2575 N Ankeny Blvd #211, Ankeny, IA 50023","Custom home builder","Ankeny","Iowa","https://www.google.com/maps/search/?api=1&query=Happe%20Homes%20LLP&query_place_id=ChIJq6qqqvqP7ocR7SkxFiKr_yM",50023,4.3,138,"✅ Happe Homes","5e3af0bc46497300f3ccbf87","✅ Found 4 people","Jake","Happe","Jake Happe","Owner",
"Henkel Construction Co","(641) 423-5674","https://henkelconstruction.com/","henkelconstruction.com","henkelconstruction.com","1710 19th St SW, Mason City, IA 50401","Construction company","Mason City","Iowa","https://www.google.com/maps/search/?api=1&query=Henkel%20Construction%20Co&query_place_id=ChIJhwlX5oUH8YcRrdPaXe7h7s0",50401,,,"✅ Henkel Construction Company","5da128f286b05500014f9bc8","✅ Found 7 people","Jason","Knipp","Jason Knipp","Branch Manager",
"J & G Builders LLC","(515) 979-6905","http://www.jandgbuilders.net/","jandgbuilders.net","jandgbuilders.net","1305 NE 28th St, Ankeny, IA 50021","Construction company","Ankeny","Iowa","https://www.google.com/maps/search/?api=1&query=J%20%26%20G%20Builders%20LLC&query_place_id=ChIJYTrYxn0Z7IcRvzlSjGwr1Zw",50021,5,6,"✅ J & G Builders","5d35712ea3ae6185c743aeb7","✅ Found 1 person","Jason","Patterson","Jason Patterson","Owner",
"Mohr Homes","(712) 210-0839","https://mohrhomesia.com/","mohrhomesia.com","mohrhomesia.com","5375 Katelyn Avenue, Van Meter, IA 50261","Custom home builder","Van Meter","Iowa","https://www.google.com/maps/search/?api=1&query=Mohr%20Homes&query_place_id=ChIJp4XCJKQn7IcRA2JBBG3ka7g",50261,5,3,"✅ Mohr Homes","674d27db4c43350001039f74","✅ Found 1 person","Jay","Mohr","Jay Mohr","Owner",
"Neighborhood Builders","(515) 267-9001","https://www.neighborhoodbuilders.com/","neighborhoodbuilders.com","neighborhoodbuilders.com","6205 Mills Civic Pkwy #200, West Des Moines, IA 50266","Home builder","West Des Moines","Iowa","https://www.google.com/maps/search/?api=1&query=Neighborhood%20Builders&query_place_id=ChIJoc-sZskg7IcRWdncnZUekaY",50266,5,13,"✅ Neighborhood Builders, LLC","54a138b169702d2185610300","✅ Found 4 people","Jeff","Jochims","Jeff Jochims","Owner",
"Kimberley Development Corporation","(515) 963-8335","https://www.kimdev.com/","kimdev.com","kimdev.com","2785 N Ankeny Blvd Ste 22, Ankeny, IA 50023","Custom home builder","Ankeny","Iowa","https://www.google.com/maps/search/?api=1&query=Kimberley%20Development%20Corporation&query_place_id=ChIJp__2H5iF7ocRbuL30BpzRVE",50023,4.4,51,"✅ Kimberley Development Corporation","54a1f6307468693a7eacf400","✅ Found 3 people","Jenna","Kimberley","Jenna Kimberley","Chief Executive Officer",
"Fine and Sons Home Builders","(712) 542-5630","http://www.fineandsonshomebuilders.com/","fineandsonshomebuilders.com","fineandsonshomebuilders.com","217 N 15th St, Clarinda, IA 51632","Home builder","Clarinda","Iowa","https://www.google.com/maps/search/?api=1&query=Fine%20and%20Sons%20Home%20Builders&query_place_id=ChIJNVAENWAy64cRHmVlFjsIw4c",51632,4.3,6,"✅ FINE & SONS HOME BUILDERS, INC.","670758f79ea6210001950323","✅ Found 1 person","Jennifer","Fine","Jennifer Fine","Office Manager",
"Grand Rail Development","(319) 626-6300","http://grandrail.com/","grandrail.com","grandrail.com","2810 Stoner Ct Ste.5, North Liberty, IA 52317","Construction company","North Liberty","Iowa","https://www.google.com/maps/search/?api=1&query=Grand%20Rail%20Development&query_place_id=ChIJ65aYJlJb5IcR_K7ZHNVg6lk",52317,2.5,6,"✅ Grand Rail Development","66dd039d7f7b5c0001c81c9c","✅ Found 1 person","Jennifer","Steburg","Jennifer Steburg","Office Manager",
"Frase Company, Inc.","(641) 684-9773","http://www.frasecompany.com/","frasecompany.com","frasecompany.com","205 S Iowa Ave, Ottumwa, IA 52501","General contractor","Ottumwa","Iowa","https://www.google.com/maps/search/?api=1&query=Frase%20Company%2C%20Inc.&query_place_id=ChIJy-0yBFsf5ocRYD5K7omGNoE",52501,4.3,12,"✅ FRASE CONSTRUCTION, INCORPORATED","6743490c51264500012ae872","✅ Found 1 person","Jeremy","Frase","Jeremy Frase","Owner",
"Home Pride Contractors, Inc.","(515) 650-0472","https://homepride.net/","homepride.net","homepride.net","6165 NW 86th St Suite #120, Johnston, IA 50131","General contractor","Johnston","Iowa","https://www.google.com/maps/search/?api=1&query=Home%20Pride%20Contractors%2C%20Inc.&query_place_id=ChIJ3UQPCwKd7ocRUkhFkygtoE0",50131,4.8,70,"✅ Home Pride Contractors, Inc","54a1aea67468694012329b07","✅ Found 6 people","Jesse","L","Jesse L","Project Manager",
"Bella Homes LLC","(515) 597-3350","http://www.bellahomesiowa.com/","bellahomesiowa.com","bellahomesiowa.com","506 E 1st St, Huxley, IA 50124","General contractor","Huxley","Iowa","https://www.google.com/maps/search/?api=1&query=Bella%20Homes%20LLC&query_place_id=ChIJ18sxjyJ97ocRUX4yuAwfgUQ",50124,4.7,7,"✅ Bella Homes LLC (Iowa)","556ce1ff73696411e3244c00","✅ Found 3 people","Jill","Smith","Jill Smith","Controller / Office Manager",
"Christensen Construction Company","(712) 362-7755","https://www.ccon1.com/","ccon1.com","ccon1.com","821 S 28th St, Estherville, IA 51334","Construction company","Estherville","Iowa","https://www.google.com/maps/search/?api=1&query=Christensen%20Construction%20Company&query_place_id=ChIJmUNJi61A84cRkm1gKPkXHtw",51334,5,3,"✅ Christensen Construction Company","63b1c5c17253cf0001974bcc","✅ Found 4 people","Joe","Oldson","Joe Oldson","Sales & Project Manager",
"Downing Construction","(515) 961-5386","http://www.downingconstruct.com/","downingconstruct.com","downingconstruct.com","509 E Scenic Valley Ave, Indianola, IA 50125","General contractor","Indianola","Iowa","https://www.google.com/maps/search/?api=1&query=Downing%20Construction&query_place_id=ChIJ51W2HMWv7ocROYAVBi5ZVfI",50125,4.8,27,"✅ Downing","5e56c83771ff960001b32d17","✅ Found 10 people","Joe","Butler","Joe Butler","CEO",
"36 West: Edge by D.R. Horton","(515) 420-1609","https://www.drhorton.com/iowa/des-moines/ankeny/36-west-edge-series-homes","drhorton.com","drhorton.com","2919 NW 31st St, Ankeny, IA 50023","Home builder","Ankeny","Iowa","https://www.google.com/maps/search/?api=1&query=36%20West%3A%20Edge%20by%20D.R.%20Horton&query_place_id=ChIJvTsHdgCF7ocRi852FlFrOqU",50023,1,1,"✅ D.R. Horton","54a1297169702d8eeb31ea01","✅ Found 10 people","John","Smith","John Smith","Founder",
"Knutson Construction","(319) 351-2040","https://www.knutsonconstruction.com/","knutsonconstruction.com","knutsonconstruction.com","2351 Scott Blvd SE, Iowa City, IA 52240","Construction company","Iowa City","Iowa","https://www.google.com/maps/search/?api=1&query=Knutson%20Construction&query_place_id=ChIJTfKNkFRq5IcRoKQRwEyP6uY",52240,2.3,3,"✅ Knutson Construction Services","54a1396869702d2a1e394700","✅ Found 10 people","John","Curry","John Curry","Chief Executive Officer",
"Koch Construction","(319) 266-0807","http://buildwithkoch.com/","buildwithkoch.com","buildwithkoch.com","215 E Main St, Cedar Falls, IA 50613","Home builder","Cedar Falls","Iowa","https://www.google.com/maps/search/?api=1&query=Koch%20Construction&query_place_id=ChIJq9h8c7-q-ocRrVsP2P3SHDk",50613,4.7,24,"✅ Koch Construction","5db44a7109c2f80001ee135d","✅ Found 6 people","John","Cameron","John Cameron","Project Manager",
"Gleeson Constructors & Engineers LLC","(712) 258-9300","http://www.gleesonllc.com/","gleesonllc.com","gleesonllc.com","2015 7th St, Sioux City, IA 51101","Construction company","Sioux City","Iowa","https://www.google.com/maps/search/?api=1&query=Gleeson%20Constructors%20%26%20Engineers%20LLC&query_place_id=ChIJH1Q59wz9jYcRrIdtm_JWiCM",51101,3.7,11,"✅ Gleeson Constructors & Engineers, L.L.C.","54a121cc69702d86b613c602","✅ Found 7 people","Johnny","Myers","Johnny Myers","Project Manager",
"Eden + Gray Design Build","(515) 975-5527","http://www.edenandgray.com/","edenandgray.com","edenandgray.com","2005 NW 100th St, Clive, IA 50325","Remodeler","Clive","Iowa","https://www.google.com/maps/search/?api=1&query=Eden%20%2B%20Gray%20Design%20Build&query_place_id=ChIJ__8Pyjwg7IcRJPrXLkuV4JQ",50325,5,36,"✅ Eden + Gray Design Build","6544a003148e2f000133381b","✅ Found 3 people","Jonathan","Shiplett","Jonathan Shiplett","Founder",
"Fishaus Ltd","(515) 279-1961","http://www.fishaus.com/","fishaus.com","fishaus.com","1406 66th St, Windsor Heights, IA 50324","Home builder","Windsor Heights","Iowa","https://www.google.com/maps/search/?api=1&query=Fishaus%20Ltd&query_place_id=ChIJuWJAPGee7ocRDuIpLdmqHpo",50324,4,2,"✅ Fishaus Builders and Remodelers","54a1284769702d931391fe00","✅ Found 1 person","Julia","Fish","Julia Fish","Co-Owner",
"Boulder Ridge by Skogman Homes","(319) 450-2989","https://www.skogmanhomes.com/find-your-home/iowa/cedar-rapids-metro/marion/boulder-ridge","skogmanhomes.com","skogmanhomes.com","Quartz Dr, Marion, IA 52302","Home builder","Marion","Iowa","https://www.google.com/maps/search/?api=1&query=Boulder%20Ridge%20by%20Skogman%20Homes&query_place_id=ChIJP773cADz5IcRVf5nRKfPkw8",52302,,,"✅ Skogman Homes","5f4898286b3d8100010dbf3a","✅ Found 3 people","Kane","Carlton","Kane Carlton","Project Manager",
"Imprint Architects","(515) 965-5336","http://www.imprintarchitects.com/","imprintarchitects.com","imprintarchitects.com","617 SW 3rd St Suite 108, Ankeny, IA 50023","Home builder","Ankeny","Iowa","https://www.google.com/maps/search/?api=1&query=Imprint%20Architects&query_place_id=ChIJ9cJzop-F7ocRr7wxuP0pl78",50023,5,9,"✅ Imprint Architects","54a1340b69702d352fd21600","✅ Found 1 person","Karl","Chambers","Karl Chambers","President/CEO",
"D&K Home Products","(563) 445-1811","http://www.dkhomeproducts.com/","dkhomeproducts.com","dkhomeproducts.com","345 W 76th St, Davenport, IA 52806","Sunroom contractor","Davenport","Iowa","https://www.google.com/maps/search/?api=1&query=D%26K%20Home%20Products&query_place_id=ChIJ5TZRZmQ14ocRPnE-aXnNbJA",52806,4.8,24,"✅ D&K Home Products","5500cc52736964176db67100","✅ Found 2 people","Kat","K","Kat K","Owner/Manager",
"Cyclone Contracting","(515) 292-4629","https://cyclonecontracting.com/","cyclonecontracting.com","cyclonecontracting.com","215 Alexander Ave Suite A, Ames, IA 50010","Contractor","Ames","Iowa","https://www.google.com/maps/search/?api=1&query=Cyclone%20Contracting&query_place_id=ChIJfWXGV8R27ocRnWL5qRM15-w",50010,4.9,195,"✅ Cyclone Contracting Corp.","54a1ce0374686949e78d5212","✅ Found 1 person","Kaylee","Curts","Kaylee Curts","Office Manager",
"K. Johnson Construction","(515) 630-2370","http://kjohnsonconstruction.com/","kjohnsonconstruction.com","kjohnsonconstruction.com","3700 SE Beisser Dr # A, Grimes, IA 50111","General contractor","Grimes","Iowa","https://www.google.com/maps/search/?api=1&query=K.%20Johnson%20Construction&query_place_id=ChIJrbdyU-qf7ocR4wlKGWHhaq4",50111,5,1,"✅ K. Johnson Construction","5e57f37ab3281d00015d0d63","✅ Found 2 people","Keagan","Johnson","Keagan Johnson","Owner",
"A.M. Cohron & Son, Inc.","(712) 243-2448","https://amcohron-son.com/","amcohron-son.com","amcohron-son.com","62180 Great River Rd, Atlantic, IA 50022","General contractor","Atlantic","Iowa","https://www.google.com/maps/search/?api=1&query=A.M.%20Cohron%20%26%20Son%2C%20Inc.&query_place_id=ChIJX3-xFg-07IcRdF8vISVF8JQ",50022,3.7,10,"✅ A.M. Cohron & Son, Inc.","54a12b4a69702d9548e87d02","✅ Found 2 people","Keith","Harlan","Keith Harlan","Owner",
"Elevation HomeBuilders","(319) 600-2776","http://elevationhomebuilders.com/","elevationhomebuilders.com","elevationhomebuilders.com","1164 Foster Rd, Iowa City, IA 52245","Custom home builder","Iowa City","Iowa","https://www.google.com/maps/search/?api=1&query=Elevation%20HomeBuilders&query_place_id=ChIJczb5gCxC5IcRHZnGY3Luqhw",52245,4.9,81,"✅ Elevation HomeBuilders","65ac75db5a059e000107912e","✅ Found 4 people","Kimberly","Marshall","Kimberly Marshall","CEO & Lead Designer",
"Buresh Building Systems, Inc.","(641) 456-5242","https://www.bureshbuildings.com/","bureshbuildings.com","bureshbuildings.com","1219 Imperial Rd, Hampton, IA 50441","General contractor","Hampton","Iowa","https://www.google.com/maps/search/?api=1&query=Buresh%20Building%20Systems%2C%20Inc.&query_place_id=ChIJRWi4mj3P8YcRFcs-ioiIx8s",50441,4,4,"✅ Buresh Building Systems, Inc.","556da18d73696411d55d5901","✅ Found 10 people","Kirk","Bricker","Kirk Bricker","Project Manager",
"Breiholz Construction","(515) 288-6077","http://www.breiholz.com/","breiholz.com","breiholz.com","1527 Maine St, Des Moines, IA 50314","General contractor","Des Moines","Iowa","https://www.google.com/maps/search/?api=1&query=Breiholz%20Construction&query_place_id=ChIJuRFD6a6Z7ocRSPJC5sPYjKQ",50314,5,17,"✅ Breiholz Construction","55e938bbf3e5bb2f3f000010","✅ Found 1 person","Kyle","Millner","Kyle Millner","Partner & Project Manager",
"Covenant Construction Services","(515) 216-1017","http://www.ccsvet.com/","ccsvet.com","ccsvet.com","2640 Berkshire Pkwy Suite 100, Clive, IA 50325","General contractor","Clive","Iowa","https://www.google.com/maps/search/?api=1&query=Covenant%20Construction%20Services&query_place_id=ChIJ93rzo9uf7ocRHqw6B8ZBV1o",50325,3,6,"✅ Covenant Construction Services","54a139a569702d0486305a00","✅ Found 5 people","Kyle","Frazier","Kyle Frazier","Owner",
"Gratias Homes LLC","(515) 226-1901","https://www.gratiashomes.com/","gratiashomes.com","gratiashomes.com","1350 NW 138th St #500, Clive, IA 50325","Home builder","Clive","Iowa","https://www.google.com/maps/search/?api=1&query=Gratias%20Homes%20LLC&query_place_id=ChIJiUTdxUAh7IcRe67nbxv4Dkw",50325,2.3,3,"✅ Gratias Construction Inc","55f8e223f3e5bb4407000a26","✅ Found 1 person","Ladonna","Gratias","Ladonna Gratias","Owner",
"Jensen Builders Ltd","(515) 573-3292","http://www.jensenbuildersltd.com/","jensenbuildersltd.com","jensenbuildersltd.com","1175 S 32nd St, Fort Dodge, IA 50501","Construction company","Fort Dodge","Iowa","https://www.google.com/maps/search/?api=1&query=Jensen%20Builders%20Ltd&query_place_id=ChIJ_93nGOF18ocRzuuNl0F9h1w",50501,4.5,20,"✅ Jensen Builders Ltd.","5a9ebd5fa6da98d9356dffd2","✅ Found 5 people","Lars","Jensen","Lars Jensen","Owner",
"Embarq Signature Homes","(515) 420-1654","https://embarqsignaturehomes.com/","embarqsignaturehomes.com","embarqsignaturehomes.com","6900 Westown Pkwy, West Des Moines, IA 50266","Custom home builder","West Des Moines","Iowa","https://www.google.com/maps/search/?api=1&query=Embarq%20Signature%20Homes&query_place_id=ChIJg_MbqVoh7IcRWY8EFGxFQpU",50266,4.9,37,"✅ Embarq Signature Homes","655a2bb8df175b0001fbdf3d","✅ Found 1 person","Lera","Severtson","Lera Severtson","Project Manager",
"Eastern Iowa Building, Inc. An FBi Buildings Company.","(319) 845-8000","http://www.easterniowabuilding.com/","easterniowabuilding.com","easterniowabuilding.com","114 Williams Blvd, Fairfax, IA 52228","Construction company","Fairfax","Iowa","https://www.google.com/maps/search/?api=1&query=Eastern%20Iowa%20Building%2C%20Inc.%20An%20FBi%20Buildings%20Company.&query_place_id=ChIJwS2G8xL_5IcR0NezK3BLkyE",52228,4.7,42,"✅ Eastern Iowa Building, Inc.","682d55373a95f80001855ed2","✅ Found 1 person","Lucas","Grout","Lucas Grout","General Manager",
"Greenfield Contractors","(563) 500-1078","https://greenfield-contractors.com/","greenfield-contractors.com","greenfield-contractors.com","806 Mill St, Clermont, IA 52135","Construction company","Clermont","Iowa","https://www.google.com/maps/search/?api=1&query=Greenfield%20Contractors&query_place_id=ChIJe6WTwQ4R-4cRPUO4MXAk33A",52135,5,2,"✅ GREENFIELD CONTRACTORS LLC","5e57342a6d127c0001d1af34","✅ Found 5 people","Lynn","Strahm","Lynn Strahm","Project Manager",
"LandMarc Construction, Inc.","(712) 552-1200","http://www.landmarcinc.com/","landmarcinc.com","landmarcinc.com","4223 Birch Ave, Hawarden, IA 51023","Construction company","Hawarden","Iowa","https://www.google.com/maps/search/?api=1&query=LandMarc%20Construction%2C%20Inc.&query_place_id=ChIJAzpVsS2BjocR_ykuIHzoL-g",51023,4.9,9,"✅ Landmarc Construction Inc","5592096573696418936d2e00","✅ Found 1 person","Madison","Landeen","Madison Landeen","Project Manager",
"Compelling Homes","(515) 306-5893","https://www.compellinghomes.com/","compellinghomes.com","compellinghomes.com","5650 NW Johnston Dr A, Johnston, IA 50131","General contractor","Johnston","Iowa","https://www.google.com/maps/search/?api=1&query=Compelling%20Homes&query_place_id=ChIJjRgRwYco7IcROauw-gHP0G4",50131,5,59,"✅ Compelling Homes,LLC","57c4d183a6da986a9893aa74","✅ Found 2 people","Mark","Schulz","Mark Schulz","Project Manager",
"Don Gardner Construction Co","(319) 234-0272","https://dongardnerconstruction.com/","dongardnerconstruction.com","dongardnerconstruction.com","315 La Porte Rd, Waterloo, IA 50702","Construction company","Waterloo","Iowa","https://www.google.com/maps/search/?api=1&query=Don%20Gardner%20Construction%20Co&query_place_id=ChIJHT89B15S5YcRoX-b8AluigI",50702,5,3,"✅ Don Gardner Construction","54a19dd47468695475550502","✅ Found 1 person","Mark","Gardner","Mark Gardner","Pres.?Owner",
"Happe Commercial, LLC","(515) 963-0842","https://happecommercial.com/","happecommercial.com","happecommercial.com","2575 N Ankeny Blvd #215, Ankeny, IA 50023","Construction company","Ankeny","Iowa","https://www.google.com/maps/search/?api=1&query=Happe%20Commercial%2C%20LLC&query_place_id=ChIJ5aC22_C530IRH4VhR_hamIo",50023,5,2,"✅ Happe Commercial","638197dcf124cf00015788b1","✅ Found 1 person","Mark","Reed","Mark Reed","Project Manager",
"Mainbuilt","(515) 278-5289","https://www.mainbuilt.com/","mainbuilt.com","mainbuilt.com","52 US-71, Arnolds Park, IA 51331","Home builder","Arnolds Park","Iowa","https://www.google.com/maps/search/?api=1&query=Mainbuilt&query_place_id=ChIJ5yM1GADLjIcRegDFBu6xG6w",51331,,,"✅ MainBuilt","5da4ce1271be9400014d3cff","✅ Found 6 people","Mark","Main","Mark Main","Co-Owner",
"Boyd Construction LLC","(641) 446-6944","http://www.boydcr.com/","boydcr.com","boydcr.com","1007 W 1st St, Leon, IA 50144","Construction company","Leon","Iowa","https://www.google.com/maps/search/?api=1&query=Boyd%20Construction%20LLC&query_place_id=ChIJUTzAPxzY64cRpzJmy9_bMg4",50144,,,"✅ Boyd Construction, LLC","66426d3736b4bd030064286a","✅ Found 1 person","Matt","Boyd","Matt Boyd","Owner",
"Matt Stickfort Construction LLC","(319) 238-2482","http://www.mattstickfortconstruction.com/","mattstickfortconstruction.com","mattstickfortconstruction.com","900 S Canfield St, Dunkerton, IA 50626","Construction company","Dunkerton","Iowa","https://www.google.com/maps/search/?api=1&query=Matt%20Stickfort%20Construction%20LLC&query_place_id=ChIJQz1dNbG1-ocR1JplEpMcNdo",50626,4.5,8,"✅ Matt Stickfort Construction","674c86a80fde430001a491e3","✅ Found 1 person","Matt","Stickfort","Matt Stickfort","Company Owner",
"Monarch Renovations","(515) 274-5404","http://www.monarch-renovations.com/","monarch-renovations.com","monarch-renovations.com","1072 44th St, Des Moines, IA 50311","General contractor","Des Moines","Iowa","https://www.google.com/maps/search/?api=1&query=Monarch%20Renovations&query_place_id=ChIJmcoaAeKY7ocRt1jyYM4EbxE",50311,3,2,"✅ Monarch Renovations","54a1398369702d0486fd4600","✅ Found 1 person","Matt","Furlong","Matt Furlong","Carpenter/owner",
"Butzke Burch Construction","(515) 985-8034","http://www.butzkeburch.com/","butzkeburch.com","butzkeburch.com","2900 Justin Dr suite g, Urbandale, IA 50322","General contractor","Urbandale","Iowa","https://www.google.com/maps/search/?api=1&query=Butzke%20Burch%20Construction&query_place_id=ChIJU3yBnbGd7ocRgzlzHxiXg8g",50322,5,2,"✅ Butzke Burch Construction","5ed1b3f7fe2bb4000146f45b","✅ Found 2 people","Melanie","Dunphy","Melanie Dunphy","Office Manager",
"AMC Homes LLC","(888) 402-5618","https://www.amcsells.com/","amcsells.com","amcsells.com","20600 Cobblestone Ln, Dubuque, IA 52001","Construction company","Dubuque","Iowa","https://www.google.com/maps/search/?api=1&query=AMC%20Homes%20LLC&query_place_id=ChIJne3yuroynyoRW-fRHgkf2ro",52001,4.9,30,"✅ AMC Homes LLC","650abbdd2b1dfc0001048f71","✅ Found 1 person","Mike","Chumley","Mike Chumley","Owner",
"Energy Panel Structures Inc","(800) 967-2130","http://www.epsbuildings.com/","epsbuildings.com","epsbuildings.com","603 N Van Gordon Ave, Graettinger, IA 51342","Home builder","Graettinger","Iowa","https://www.google.com/maps/search/?api=1&query=Energy%20Panel%20Structures%20Inc&query_place_id=ChIJo_Kff0c984cR1AkN5xZz-kY",51342,4.1,46,"✅ Energy Panel Structures","54a1345a69702d333dab4200","✅ Found 10 people","Mike","Katschman","Mike Katschman","Purchasing Manager",
"Nelson Construction & Development","(515) 457-9000","http://nelsonconstruct.com/","nelsonconstruct.com","nelsonconstruct.com","405 6th Ave Suite 201, Des Moines, IA 50309","Real estate developer","Des Moines","Iowa","https://www.google.com/maps/search/?api=1&query=Nelson%20Construction%20%26%20Development&query_place_id=ChIJHV-XygGZ7ocRiZiQDcTpM7I",50309,2.3,9,"✅ Nelson Construction and Development","54a1ce1f7468694f8f547c12","✅ Found 3 people","Mike","Nelson","Mike Nelson","Owner",
"Diamond Ridge Construction","(319) 251-2667","https://www.diamondridgeiowa.com/","diamondridgeiowa.com","diamondridgeiowa.com","2907 Stoner Ct, North Liberty, IA 52317","Construction company","North Liberty","Iowa","https://www.google.com/maps/search/?api=1&query=Diamond%20Ridge%20Construction&query_place_id=ChIJgai9rq9B5IcRQSDdE-jwGlk",52317,5,161,"✅ Diamond Ridge Construction","67263e96b6112e0001c6dbc1","✅ Found 5 people","Myles","Johnson","Myles Johnson","Owner/Operator",
"Laird Estates","(515) 681-0446","http://berkeyhomebuilders.com/","berkeyhomebuilders.com","berkeyhomebuilders.com","2405 3rd Ave SE, Altoona, IA 50009","Home builder","Altoona","Iowa","https://www.google.com/maps/search/?api=1&query=Laird%20Estates&query_place_id=ChIJ9fNdcYCT7ocR7Vifxk8pLfA",50009,5,1,"✅ Berkey Home Builders, Inc.","55e888eef3e5bb4fd00005e1","✅ Found 1 person","Nate","Woods","Nate Woods","Senior Project Manager",
"Crown Point Builders, Inc.","(641) 923-3750","http://crownpointbuildersinc.com/","crownpointbuildersinc.com","crownpointbuildersinc.com","700 US-18, Garner, IA 50438","Custom home builder","Garner","Iowa","https://www.google.com/maps/search/?api=1&query=Crown%20Point%20Builders%2C%20Inc.&query_place_id=ChIJ9yHbsY-C8YcRGaHfbBlnJ-Y",50438,3,4,"✅ Crown Point Builders, Inc.","55922e217369641912b3b500","✅ Found 1 person","Paul","Breister","Paul Breister","Owner",
"Drake Homes","(515) 208-3739","https://drakehomesiowa.com/","drakehomesiowa.com","drakehomesiowa.com","1300 50th St, West Des Moines, IA 50266","Home builder","West Des Moines","Iowa","https://www.google.com/maps/search/?api=1&query=Drake%20Homes&query_place_id=ChIJBUIrt-8g7IcRsv8Htug_SvI",50266,4.1,23,"✅ Drake Homes","54a1343969702d3cbb941500","✅ Found 5 people","Paul","Box","Paul Box","Owner",
"Custom Builders of Tipton","(563) 886-6196","http://www.custombuildersiowa.com/","custombuildersiowa.com","custombuildersiowa.com","209 W South St, Tipton, IA 52772","General contractor","Tipton","Iowa","https://www.google.com/maps/search/?api=1&query=Custom%20Builders%20of%20Tipton&query_place_id=ChIJAeLkUfuF44cRBUQRJBvoX7s",52772,3.8,4,"✅ CUSTOM BUILDERS, INC. OF TIPTON","670b849ebdc084000153a991","✅ Found 1 person","Randall","Shumaker","Randall Shumaker","Business Owner",
"Elite IntEx Solutions","(515) 509-1130","http://www.eintexs.com/","eintexs.com","eintexs.com","614 Corning Ave, Des Moines, IA 50313","General contractor","Des Moines","Iowa","https://www.google.com/maps/search/?api=1&query=Elite%20IntEx%20Solutions&query_place_id=ChIJzS7RZeyvT2ER-T5k_EW2_ME",50313,5,34,"✅ Elite IntEx Solutions","68523ddc1f07040001426ec1","✅ Found 1 person","Randel","Smith","Randel Smith","Business Owner",
"Greiner Buildings, Inc.","(319) 403-6225","http://greinerbuildings.com/?utm_campaign=gmb","greinerbuildings.com","greinerbuildings.com","120 E Main St Ste. 1, Washington, IA 52353","Construction company","Washington","Iowa","https://www.google.com/maps/search/?api=1&query=Greiner%20Buildings%2C%20Inc.&query_place_id=ChIJ18O-epYp5IcRQrmb6_oFGrU",52353,4.4,21,"✅ Greiner Buildings, Inc.","54a11cda69702d84c548ca00","✅ Found 6 people","Rebecca","Cohen","Rebecca Cohen","Marketing Manager",
"Hubbell Construction Services","(515) 243-3228","https://hubbellrealty.com/businesses/constructions-services","hubbellrealty.com","hubbellrealty.com","6900 Westown Pkwy, West Des Moines, IA 50266","General contractor","West Des Moines","Iowa","https://www.google.com/maps/search/?api=1&query=Hubbell%20Construction%20Services&query_place_id=ChIJCSJPe0CZ7ocRG1yeHn97db8",50266,4.5,19,"✅ Hubbell Realty Company","54a135ee69702d407f8ce800","✅ Found 10 people","Rick","Tollakson","Rick Tollakson","Chief Executive Officer",
"Accurate Development","(515) 327-0800","https://accuratedevelopment.com/?utm_source=cumulus&utm_medium=onlinepresence&utm_campaign=GBP","accuratedevelopment.com","accuratedevelopment.com","9500 University Ave Suit 2112, West Des Moines, IA 50266","Home builder","West Des Moines","Iowa","https://www.google.com/maps/search/?api=1&query=Accurate%20Development&query_place_id=ChIJgV6zht8g7IcRxUSysCDPTk8",50266,4.5,15,"✅ Accurate Commercial","556dd8a9736964120220bb01","✅ Found 5 people","Robert","Fredericksen","Robert Fredericksen","Operations Manager",
"Lester Buildings","(712) 272-4678","https://www.lesterbuildings.com/","lesterbuildings.com","lesterbuildings.com","2021 570th St, Newell, IA 50568","Construction company","Newell","Iowa","https://www.google.com/maps/search/?api=1&query=Lester%20Buildings&query_place_id=ChIJ7y2Td2a08ocRLsKUg05SIuc",50568,5,2,"✅ Lester Building Systems, LLC","54a19c5674686945fa3dab01","✅ Found 10 people","Ron","Foust","Ron Foust","Manager",
"Allen Roofing and Construction Inc.","(563) 539-4135","http://www.allenroofinginc.com/","allenroofinginc.com","allenroofinginc.com","241 ARC Lane, Monona, IA 52159","Home builder","Monona","Iowa","https://www.google.com/maps/search/?api=1&query=Allen%20Roofing%20and%20Construction%20Inc.&query_place_id=ChIJj0M8dPZw-4cRRHZadA3yJDI",52159,5,21,"✅ Allen Roofing and Construction Inc.","56d7d4b9f3e5bb589a000db3","✅ Found 1 person","Ryan","Johnson","Ryan Johnson","Sales Manager",
"Aspen Homes LLC","(563) 332-4192","https://aspenhomesllc.com/","aspenhomesllc.com","aspenhomesllc.com","25003 187th St, Bettendorf, IA 52722","Home builder","Bettendorf","Iowa","https://www.google.com/maps/search/?api=1&query=Aspen%20Homes%20LLC&query_place_id=ChIJrVtsIZs34ocRqgcp96D54X4",52722,4.7,20,"✅ Aspen Homes and Windmiller Design Build","640101d393833c00a32a2991","✅ Found 1 person","Ryan","Windmiller","Ryan Windmiller","Owner",
"Comfort Concepts QCA","(563) 355-8295","http://www.comfortconceptsqca.com/","comfortconceptsqca.com","comfortconceptsqca.com","1741 State St, Bettendorf, IA 52722","Home improvement store","Bettendorf","Iowa","https://www.google.com/maps/search/?api=1&query=Comfort%20Concepts%20QCA&query_place_id=ChIJldS8CrY24ocROZsQs3kMMrQ",52722,4.6,9,"✅ Comfort Concepts","674266c555a0f000017ebaed","✅ Found 3 people","Ryan","Clark","Ryan Clark","Owner",
"Keystone Construction Services","(515) 313-3948","https://www.keystone-cs.com/","keystone-cs.com","keystone-cs.com","1650 NW Gettysburg Ln, Waukee, IA 50263","Construction company","Waukee","Iowa","https://www.google.com/maps/search/?api=1&query=Keystone%20Construction%20Services&query_place_id=ChIJG0iRBjKCcScRLRvFSQFDuJA",50263,,,"✅ Keystone Construction Services","685231ba07085d0001857c9a","✅ Found 1 person","Sandra","Landers","Sandra Landers","Office Manager",
"Della Vita By Hubbell Homes","(515) 468-2549","https://www.hubbellhomes.com/communities/west-des-moines/della-vita","hubbellhomes.com","hubbellhomes.com","9230 Cody Dr, West Des Moines, IA 50266","Home builder","West Des Moines","Iowa","https://www.google.com/maps/search/?api=1&query=Della%20Vita%20By%20Hubbell%20Homes&query_place_id=ChIJA3tBjo4j7IcRVZKmJ4b0SYc",50266,3,2,"✅ Hubbell Homes - Iowa","60483906d0ac0a0001dcd03f","✅ Found 1 person","Sarah","Meek","Sarah Meek","Sales Process Manager",
"Build To Suit","(563) 355-2022","http://www.buildtosuitinc.com/","buildtosuitinc.com","buildtosuitinc.com","1805 State St UNIT 101, Bettendorf, IA 52722","Construction company","Bettendorf","Iowa","https://www.google.com/maps/search/?api=1&query=Build%20To%20Suit&query_place_id=ChIJX1Q4B8o24ocRW0M9l_kuFCE",52722,4.4,7,"✅ Build to Suit, Inc","5e56cea9c66e880001369223","✅ Found 8 people","Scott","Griffin","Scott Griffin","Project Manager",
"Graphite Construction Group","(515) 278-9446","https://www.graphitegrp.com/","graphitegrp.com","graphitegrp.com","1955 NE 58th Ave, Des Moines, IA 50313","Construction company","Des Moines","Iowa","https://www.google.com/maps/search/?api=1&query=Graphite%20Construction%20Group&query_place_id=ChIJPVftHjYn7IcRKSGTNWC5deY",50313,3.1,14,"✅ Graphite Construction Group","5e56c6850108000001524989","✅ Found 4 people","Shannon","Cece","Shannon Cece","Project Manager",
"Creek Ridge Estates Townhomes","(563) 447-9618","https://www.silverthornehomebuilders.com/new-homes/ia/bettendorf/creek-ridge/15768/","silverthornehomebuilders.com","silverthornehomebuilders.com","3983 Creek Hill Dr, Bettendorf, IA 52722","Home builder","Bettendorf","Iowa","https://www.google.com/maps/search/?api=1&query=Creek%20Ridge%20Estates%20Townhomes&query_place_id=ChIJ-VLJ_iQ34ocRXcggUgAa--0",52722,,,"✅ Silverthorne Homebuilders","5a9e31f7a6da98d977f967fa","✅ Found 6 people","Skyler","Phillips","Skyler Phillips","Marketing Manager",
"MasterBrand Cabinets - Waterloo, Iowa Operations Facility","(319) 235-5700","https://jobs.smartrecruiters.com/FortuneBrands/743999733084107","smartrecruiters.com","smartrecruiters.com","1205 Peters Dr, Waterloo, IA 50703","Manufacturer","Waterloo","Iowa","https://www.google.com/maps/search/?api=1&query=MasterBrand%20Cabinets%20-%20Waterloo%2C%20Iowa%20Operations%20Facility&query_place_id=ChIJDXTPf8es-ocR3RlbWf7QtGo",50703,4.5,34,"✅ SmartRecruiters","5f491c8c6eb9e401216fe18b","✅ Found 10 people","Souchiam","Sechao","Souchiam Sechao","Co-Founder/Owner/CEO",
"Abode Construction","(319) 363-0709","http://www.abodeconstruction.com/","abodeconstruction.com","abodeconstruction.com","850 44th St, Marion, IA 52302","Custom home builder","Marion","Iowa","https://www.google.com/maps/search/?api=1&query=Abode%20Construction&query_place_id=ChIJy55G5kjy5IcRXZMilqm_XMw",52302,3,8,"✅ Abode Construction","55920d5b73696419d85e3c00","✅ Found 1 person","Staci","Stoll","Staci Stoll","Project Manager",
"Global Bin Builders","(320) 413-0312","https://globalbinbuilders.com/contact.php","globalbinbuilders.com","globalbinbuilders.com","11328 US-65, Iowa Falls, IA 50126","General contractor","Iowa Falls","Iowa","https://www.google.com/maps/search/?api=1&query=Global%20Bin%20Builders&query_place_id=ChIJAQBwZinY8YcR0u7u_IOkD9A",50126,5,1,"✅ Global Bin Builders","5b846d76f874f764c460212e","✅ Found 4 people","Stephanie","Voxland","Stephanie Voxland","Founder and President",
"Freedom Buildings","(319) 777-8093","https://freedombuildings.us/","freedombuildings.us","freedombuildings.us","503 3rd St, Belle Plaine, IA 52208","Construction company","Belle Plaine","Iowa","https://www.google.com/maps/search/?api=1&query=Freedom%20Buildings&query_place_id=ChIJ1yxHKked5YcR69Vj1R9gyfU",52208,5,12,"✅ Freedom Buildings, Inc.","6655952e0a80a700014b9106","✅ Found 1 person","Taylor","Adams","Taylor Adams","Office Manager",
"Cresco Building Service","(563) 547-2525","https://www.crescobuildingservice.com/","crescobuildingservice.com","crescobuildingservice.com","521 2nd Ave SW, Cresco, IA 52136","General contractor","Cresco","Iowa","https://www.google.com/maps/search/?api=1&query=Cresco%20Building%20Service&query_place_id=ChIJqe0VQT5C-ocRgJxus1uCvUQ",52136,4.8,6,"✅ CRESCO BUILDING SERVICE, INC.","6730f588cd1c1f000187278d","✅ Found 1 person","Teresa","Fitzgerald","Teresa Fitzgerald","Office Manager",
"Cleary Building Corp.","(515) 332-9825","http://clearybuilding.com/","clearybuilding.com","clearybuilding.com","1307 16th Ave N, Humboldt, IA 50548","Construction company","Humboldt","Iowa","https://www.google.com/maps/search/?api=1&query=Cleary%20Building%20Corp.&query_place_id=ChIJv8qJkYRo8ocRTOh_qQuu_UI",50548,4.4,8,"✅ Cleary Building Corp.","54a11bb069702d9a8bef5700","✅ Found 10 people","Terry","Nelson","Terry Nelson","Manager",
"Hodge Construction","(319) 354-2233","http://www.hodgeconstruction.com/","hodgeconstruction.com","hodgeconstruction.com","711 S Gilbert St # 1, Iowa City, IA 52240","Home builder","Iowa City","Iowa","https://www.google.com/maps/search/?api=1&query=Hodge%20Construction&query_place_id=ChIJvfmvZehB5IcRf1iGNjm9Ep4",52240,4,26,"✅ Hodge Construction","55f86958f3e5bb3ca6002908","✅ Found 6 people","Terry","Hodge","Terry Hodge","Owner",
"Herberger Construction Company Inc","(515) 961-5564","http://www.herbergerconstruction.com/","herbergerconstruction.com","herbergerconstruction.com","2508 W 2nd Ave, Indianola, IA 50125","Construction company","Indianola","Iowa","https://www.google.com/maps/search/?api=1&query=Herberger%20Construction%20Company%20Inc&query_place_id=ChIJT0uPq8Wv7ocR1-lnhBnnGAg",50125,4.4,16,"✅ Herberger Construction","55f758c3f3e5bb168e0014bc","✅ Found 1 person","Theresa","Michel","Theresa Michel","Office Manager Bookkeeper",
"Klosterman Construction Corporation","(319) 545-7088","https://klostermanbuild.com/","klostermanbuild.com","klostermanbuild.com","4105 Westcor Ct Ste 2, Coralville, IA 52241","General contractor","Coralville","Iowa","https://www.google.com/maps/search/?api=1&query=Klosterman%20Construction%20Corporation&query_place_id=ChIJn3BL8axF5IcRfkawzk1e3xM",52241,,,"✅ Klosterman Construction","5500ba367369646148631800","✅ Found 1 person","Tiffany","Meeker","Tiffany Meeker","Office Manager/Interior Designer",
"Dreamscape Homebuilders, LLC","(515) 802-3653","https://dreamscapehomebuilders.com/","dreamscapehomebuilders.com","dreamscapehomebuilders.com","6905 Mills Civic Pkwy Suite 124, West Des Moines, IA 50266","Home builder","West Des Moines","Iowa","https://www.google.com/maps/search/?api=1&query=Dreamscape%20Homebuilders%2C%20LLC&query_place_id=ChIJf0SLyjgg7IcRYiYoU7mbnEk",50266,5,5,"✅ Dreamscape Homebuilders","556940b073696421a3751d00","✅ Found 1 person","Tj","Clemons","Tj Clemons","Partner / Owner",
"Henningsen Construction Inc","(800) 442-5874","https://henningsenconst.com/","henningsenconst.com","henningsenconst.com","203 10th St SW, Spencer, IA 51301","General contractor","Spencer","Iowa","https://www.google.com/maps/search/?api=1&query=Henningsen%20Construction%20Inc&query_place_id=ChIJK_gae6_WjIcRWxxqd2dTlwo",51301,,,"✅ Henningsen Construction S","57c4ee92a6da9869f38f790b","✅ Found 5 people","Todd","Henningsen","Todd Henningsen","Super/Owner",
"Habitat for Humanity Quad Cities","(563) 359-9066","http://www.habitatqc.org/","habitatqc.org","habitatqc.org","3625 Mississippi Ave, Davenport, IA 52807","Home builder","Davenport","Iowa","https://www.google.com/maps/search/?api=1&query=Habitat%20for%20Humanity%20Quad%20Cities&query_place_id=ChIJL7c2YSIz4ocR41W7D95CA0g",52807,4.4,130,"✅ HABITAT FOR HUMANITY QUAD CITIES","63ca4af9a821d80001a2fdc9","✅ Found 1 person","Tom","Fisher-King","Tom Fisher-King","Chief Executive Officer",
"Henning Companies","(515) 253-0943","http://www.henningcompanies.com/","henningcompanies.com","henningcompanies.com","5800 Merle Hay Rd #14, Johnston, IA 50131","Construction company","Johnston","Iowa","https://www.google.com/maps/search/?api=1&query=Henning%20Companies&query_place_id=ChIJA0XTGPyc7ocRvwB7RbsP_-U",50131,3,4,"✅ Henning Companies","5d0a134180f93eb66b331254","✅ Found 10 people","Tom","Henning","Tom Henning","Manager",
"Closets by Design - Central Iowa","(515) 318-5710","https://centraliowa.closetsbydesign.com/?source=gmap","closetsbydesign.com","closetsbydesign.com","1850 SE Destination Dr # C, Grimes, IA 50111","General contractor","Grimes","Iowa","https://www.google.com/maps/search/?api=1&query=Closets%20by%20Design%20-%20Central%20Iowa&query_place_id=ChIJkQ-RLykn7IcRGs9vihDoiHQ",50111,4.9,150,"✅ Closets By Design","602ccee915a75e00a46bce7e","✅ Found 10 people","Travis","Chambers","Travis Chambers","CEO",
"NP Dodge Real Estate","(712) 328-5008","http://www.npdodge.com/","npdodge.com","npdodge.com","1032 Woodbury Ave, Council Bluffs, IA 51503","Home builder","Council Bluffs","Iowa","https://www.google.com/maps/search/?api=1&query=NP%20Dodge%20Real%20Estate&query_place_id=ChIJLexcx22Ek4cRaTmzT6fb8qo",51503,4,26,"✅ NP Dodge Real Estate","54a12a0d69702dc128e3ab01","✅ Found 10 people","Travis","Svendgard","Travis Svendgard","Manager",
"Daxon Construction Company","(563) 223-9570","https://www.daxonconstruction.com/","daxonconstruction.com","daxonconstruction.com","1520 E Le Claire Rd, Eldridge, IA 52748","Construction company","Eldridge","Iowa","https://www.google.com/maps/search/?api=1&query=Daxon%20Construction%20Company&query_place_id=ChIJZYMnaGLN44cRI-dl2_YObZU",52748,5,4,"✅ Daxon Construction Company","5b834d25f874f749933dd055","✅ Found 1 person","Troy","Brown","Troy Brown","Project Manager",
"Ohnemus Construction","(515) 202-1805","http://ohnemusconstruction.com/","ohnemusconstruction.com","ohnemusconstruction.com","2740 183rd Ave, Carlisle, IA 50047","General contractor","Carlisle","Iowa","https://www.google.com/maps/search/?api=1&query=Ohnemus%20Construction&query_place_id=ChIJVVVVVSWX7ocRywxKWs62GY4",50047,5,11,"✅ Ohnemus Construction","5500b5527369647a39d90f00","✅ Found 1 person","Troy","Ohnemus","Troy Ohnemus","Owner",
"Carl A. Nelson & Company — Design-Build, Construction Management and General Contractor","+1 319-754-8415","https://www.carlanelsoncoconstruction.com/","carlanelsoncoconstruction.com","carlanelsoncoconstruction.com","1815 Des Moines Ave, Burlington, IA 52601, United States","Construction company","Burlington","Iowa","https://www.google.com/maps/search/?api=1&query=Carl%20A.%20Nelson%20%26%20Company%20%E2%80%94%20Design-Build%2C%20Construction%20Management%20and%20General%20Contractor&query_place_id=ChIJNUkG0c4x4YcRZKe-fLzbOm4",52601,4.7,12,"✅ Carl A. Nelson & Company | Construction Professionals","54a1359a69702d3e839bc100","✅ Found 10 people","Tyler","Hackman","Tyler Hackman","Project Manager",
"KRM Development, LLC","(515) 243-1191","http://www.krmcustomhomes.com/","krmcustomhomes.com","krmcustomhomes.com","10640 Justin Dr, Urbandale, IA 50322","Custom home builder","Urbandale","Iowa","https://www.google.com/maps/search/?api=1&query=KRM%20Development%2C%20LLC&query_place_id=ChIJfcYHBEon7IcRwRlVnUIkr4g",50322,4.7,57,"✅ KRM Development, LLC","56db6f3ff3e5bb056b001cfa","✅ Found 6 people","Tyler","Spenner","Tyler Spenner","Estimating Manager",
"D & B Agro-Systems Ltd","(641) 864-2604","http://www.dandbsystems.com/","dandbsystems.com","dandbsystems.com","27845 US-65, Hubbard, IA 50122","Construction company","Hubbard","Iowa","https://www.google.com/maps/search/?api=1&query=D%20%26%20B%20Agro-Systems%20Ltd&query_place_id=ChIJH9DuQaU77ocRCBYTAMFYNBQ",50122,4.8,4,"✅ D & B Agro-Systems, Ltd","5db40fe1ed61090001944aed","✅ Found 1 person","Tyse","Gunderson","Tyse Gunderson","Crane Manager",
"Johnson Construction","(515) 205-9810","https://johnsonconstructionia.com/","johnsonconstructionia.com","johnsonconstructionia.com","201 E Main St, St Charles, IA 50240","Home builder","St Charles","Iowa","https://www.google.com/maps/search/?api=1&query=Johnson%20Construction&query_place_id=ChIJL_c-By0H7IcRWXfiBiNz4zE",50240,4.8,5,"✅ Johnson Construction","5e574ed46d127c0001d25dcb","✅ Found 10 people","Vernell","Johnson","Vernell Johnson","CEO",
"GC3","(855) 936-4949","http://gc3builders.com/","gc3builders.com","gc3builders.com","1200 12th St, West Des Moines, IA 50265","General contractor","West Des Moines","Iowa","https://www.google.com/maps/search/?api=1&query=GC3&query_place_id=ChIJLQkilEef7ocR0_TSi_nmhkQ",50265,5,1,"✅ GC3","5c23520cf651256cc2b4266f","✅ Found 10 people","Volodymyr","Pavelko","Volodymyr Pavelko","Co-Founder & CEO",
"Encompass Builders","(515) 306-9387","https://www.encompassbuilders.com/","encompassbuilders.com","encompassbuilders.com","3701 1/2 Douglas Ave, Des Moines, IA 50310","Construction company","Des Moines","Iowa","https://www.google.com/maps/search/?api=1&query=Encompass%20Builders&query_place_id=ChIJyyWrpICd7ocRCHLbQWoNZXQ",50310,4.4,7,"✅ Encompass Builders","60f2f17b3061aa00012ef97e","✅ Found 10 people","Wade","Madden","Wade Madden","Owner",
"Integrity Construction","(515) 268-3346","http://www.buildwithintegrity.com/","buildwithintegrity.com","buildwithintegrity.com","623 E Lincoln Wy, Ames, IA 50010","Home builder","Ames","Iowa","https://www.google.com/maps/search/?api=1&query=Integrity%20Construction&query_place_id=ChIJZ4fimHVw7ocRri8u_ahRSOg",50010,4.9,38,"✅ Integrity Construction - Ames","55e79cbcf3e5bb303b0000ce","✅ Found 2 people","Wade","Nelson","Wade Nelson","Project Manager",
"JW Home Builders","(319) 294-4274","http://jwhomebuilders.com/","jwhomebuilders.com","jwhomebuilders.com","1011 Longfellow Dr suite a, Hiawatha, IA 52233","Home builder","Hiawatha","Iowa","https://www.google.com/maps/search/?api=1&query=JW%20Home%20Builders&query_place_id=ChIJh96Jdgby5IcRZrOcRnD_LKE",52233,4.7,3,"✅ JW Builders","54a1bcbd746869586025b40c","✅ Found 2 people","Wagner","Jim","Wagner Jim","Owner Manager",
"Pella Buildings","(641) 628-9300","https://www.pellabuildings.com/","pellabuildings.com","pellabuildings.com","906 W 9th St, Pella, IA 50219","General contractor","Pella","Iowa","https://www.google.com/maps/search/?api=1&query=Pella%20Buildings&query_place_id=ChIJj3bn4eMv74cRNPS7mzy6d1A",50219,5,2,"✅ Pella Building Systems","54a1cdb674686942d33a3512","✅ Found 1 person","Wiebe","Goodyk","Wiebe Goodyk","Owner",
"Mad City Windows & Baths of Des Moines","(515) 608-7971","https://madcitywindows.com/des-moines/?utm_source=gmb&utm_medium=Yext&y_source=1_NjY1MDE4OTgtNzE1LWxvY2F0aW9uLndlYnNpdGU%3D","madcitywindows.com","madcitywindows.com","2900 SE Enterprise Dr, Grimes, IA 50111","Window installation service","Grimes","Iowa","https://www.google.com/maps/search/?api=1&query=Mad%20City%20Windows%20%26%20Baths%20of%20Des%20Moines&query_place_id=ChIJkXQlo-sn7IcR4JyfObrwaYw",50111,4.8,1152,"✅ Mad City Windows & Baths","54a1273769702dab37e85600","✅ Found 10 people","Will","B","Will B","Manager",